Start datum,Eind datum,PricePerKwH
01-12-2023 00:00,01-12-2023 01:00,0.10691000000
01-12-2023 01:00,01-12-2023 02:00,0.10263000000
01-12-2023 02:00,01-12-2023 03:00,0.09910000000
01-12-2023 03:00,01-12-2023 04:00,0.09589000000
01-12-2023 04:00,01-12-2023 05:00,0.09607000000
01-12-2023 05:00,01-12-2023 06:00,0.10229000000
01-12-2023 06:00,01-12-2023 07:00,0.12000000000
01-12-2023 07:00,01-12-2023 08:00,0.15207000000
01-12-2023 08:00,01-12-2023 09:00,0.20332000000
01-12-2023 09:00,01-12-2023 10:00,0.22235000000
01-12-2023 10:00,01-12-2023 11:00,0.21499000000
01-12-2023 11:00,01-12-2023 12:00,0.21309000000
01-12-2023 12:00,01-12-2023 13:00,0.19672000000
01-12-2023 13:00,01-12-2023 14:00,0.17454000000
01-12-2023 14:00,01-12-2023 15:00,0.17411000000
01-12-2023 15:00,01-12-2023 16:00,0.18360000000
01-12-2023 16:00,01-12-2023 17:00,0.20000000000
01-12-2023 17:00,01-12-2023 18:00,0.22977000000
01-12-2023 18:00,01-12-2023 19:00,0.19910000000
01-12-2023 19:00,01-12-2023 20:00,0.16849000000
01-12-2023 20:00,01-12-2023 21:00,0.14233000000
01-12-2023 21:00,01-12-2023 22:00,0.12511000000
01-12-2023 22:00,01-12-2023 23:00,0.11831000000
01-12-2023 23:00,02-12-2023 00:00,0.10812000000
02-12-2023 00:00,02-12-2023 01:00,0.10530000000
02-12-2023 01:00,02-12-2023 02:00,0.10278000000
02-12-2023 02:00,02-12-2023 03:00,0.10174000000
02-12-2023 03:00,02-12-2023 04:00,0.09924000000
02-12-2023 04:00,02-12-2023 05:00,0.09835000000
02-12-2023 05:00,02-12-2023 06:00,0.09801000000
02-12-2023 06:00,02-12-2023 07:00,0.09906000000
02-12-2023 07:00,02-12-2023 08:00,0.10475000000
02-12-2023 08:00,02-12-2023 09:00,0.12034000000
02-12-2023 09:00,02-12-2023 10:00,0.12799000000
02-12-2023 10:00,02-12-2023 11:00,0.13075000000
02-12-2023 11:00,02-12-2023 12:00,0.12624000000
02-12-2023 12:00,02-12-2023 13:00,0.11990000000
02-12-2023 13:00,02-12-2023 14:00,0.11458000000
02-12-2023 14:00,02-12-2023 15:00,0.11852000000
02-12-2023 15:00,02-12-2023 16:00,0.12350000000
02-12-2023 16:00,02-12-2023 17:00,0.12979000000
02-12-2023 17:00,02-12-2023 18:00,0.14415000000
02-12-2023 18:00,02-12-2023 19:00,0.14485000000
02-12-2023 19:00,02-12-2023 20:00,0.12956000000
02-12-2023 20:00,02-12-2023 21:00,0.12256000000
02-12-2023 21:00,02-12-2023 22:00,0.11300000000
02-12-2023 22:00,02-12-2023 23:00,0.10901000000
02-12-2023 23:00,03-12-2023 00:00,0.10630000000
03-12-2023 00:00,03-12-2023 01:00,0.10863000000
03-12-2023 01:00,03-12-2023 02:00,0.10338000000
03-12-2023 02:00,03-12-2023 03:00,0.10020000000
03-12-2023 03:00,03-12-2023 04:00,0.09913000000
03-12-2023 04:00,03-12-2023 05:00,0.09515000000
03-12-2023 05:00,03-12-2023 06:00,0.09183000000
03-12-2023 06:00,03-12-2023 07:00,0.08889000000
03-12-2023 07:00,03-12-2023 08:00,0.09231000000
03-12-2023 08:00,03-12-2023 09:00,0.09702000000
03-12-2023 09:00,03-12-2023 10:00,0.10015000000
03-12-2023 10:00,03-12-2023 11:00,0.10496000000
03-12-2023 11:00,03-12-2023 12:00,0.10507000000
03-12-2023 12:00,03-12-2023 13:00,0.10291000000
03-12-2023 13:00,03-12-2023 14:00,0.10000000000
03-12-2023 14:00,03-12-2023 15:00,0.10568000000
03-12-2023 15:00,03-12-2023 16:00,0.11500000000
03-12-2023 16:00,03-12-2023 17:00,0.12220000000
03-12-2023 17:00,03-12-2023 18:00,0.12790000000
03-12-2023 18:00,03-12-2023 19:00,0.12905000000
03-12-2023 19:00,03-12-2023 20:00,0.12607000000
03-12-2023 20:00,03-12-2023 21:00,0.11233000000
03-12-2023 21:00,03-12-2023 22:00,0.10000000000
03-12-2023 22:00,03-12-2023 23:00,0.09909000000
03-12-2023 23:00,04-12-2023 00:00,0.08900000000
04-12-2023 00:00,04-12-2023 01:00,0.09386000000
04-12-2023 01:00,04-12-2023 02:00,0.08981000000
04-12-2023 02:00,04-12-2023 03:00,0.08802000000
04-12-2023 03:00,04-12-2023 04:00,0.08538000000
04-12-2023 04:00,04-12-2023 05:00,0.08583000000
04-12-2023 05:00,04-12-2023 06:00,0.09198000000
04-12-2023 06:00,04-12-2023 07:00,0.10338000000
04-12-2023 07:00,04-12-2023 08:00,0.11575000000
04-12-2023 08:00,04-12-2023 09:00,0.12264000000
04-12-2023 09:00,04-12-2023 10:00,0.12612000000
04-12-2023 10:00,04-12-2023 11:00,0.12802000000
04-12-2023 11:00,04-12-2023 12:00,0.13070000000
04-12-2023 12:00,04-12-2023 13:00,0.12645000000
04-12-2023 13:00,04-12-2023 14:00,0.13000000000
04-12-2023 14:00,04-12-2023 15:00,0.12710000000
04-12-2023 15:00,04-12-2023 16:00,0.12484000000
04-12-2023 16:00,04-12-2023 17:00,0.12196000000
04-12-2023 17:00,04-12-2023 18:00,0.12806000000
04-12-2023 18:00,04-12-2023 19:00,0.12560000000
04-12-2023 19:00,04-12-2023 20:00,0.12000000000
04-12-2023 20:00,04-12-2023 21:00,0.11433000000
04-12-2023 21:00,04-12-2023 22:00,0.10555000000
04-12-2023 22:00,04-12-2023 23:00,0.10000000000
04-12-2023 23:00,05-12-2023 00:00,0.09176000000
05-12-2023 00:00,05-12-2023 01:00,0.09085000000
05-12-2023 01:00,05-12-2023 02:00,0.08801000000
05-12-2023 02:00,05-12-2023 03:00,0.08573000000
05-12-2023 03:00,05-12-2023 04:00,0.08362000000
05-12-2023 04:00,05-12-2023 05:00,0.08471000000
05-12-2023 05:00,05-12-2023 06:00,0.09102000000
05-12-2023 06:00,05-12-2023 07:00,0.10795000000
05-12-2023 07:00,05-12-2023 08:00,0.11436000000
05-12-2023 08:00,05-12-2023 09:00,0.12279000000
05-12-2023 09:00,05-12-2023 10:00,0.12329000000
05-12-2023 10:00,05-12-2023 11:00,0.12069000000
05-12-2023 11:00,05-12-2023 12:00,0.12079000000
05-12-2023 12:00,05-12-2023 13:00,0.11796000000
05-12-2023 13:00,05-12-2023 14:00,0.11812000000
05-12-2023 14:00,05-12-2023 15:00,0.12507000000
05-12-2023 15:00,05-12-2023 16:00,0.12259000000
05-12-2023 16:00,05-12-2023 17:00,0.12924000000
05-12-2023 17:00,05-12-2023 18:00,0.14605000000
05-12-2023 18:00,05-12-2023 19:00,0.14747000000
05-12-2023 19:00,05-12-2023 20:00,0.14156000000
05-12-2023 20:00,05-12-2023 21:00,0.12863000000
05-12-2023 21:00,05-12-2023 22:00,0.11783000000
05-12-2023 22:00,05-12-2023 23:00,0.11155000000
05-12-2023 23:00,06-12-2023 00:00,0.10328000000
06-12-2023 00:00,06-12-2023 01:00,0.09497000000
06-12-2023 01:00,06-12-2023 02:00,0.09310000000
06-12-2023 02:00,06-12-2023 03:00,0.09257000000
06-12-2023 03:00,06-12-2023 04:00,0.09096000000
06-12-2023 04:00,06-12-2023 05:00,0.09059000000
06-12-2023 05:00,06-12-2023 06:00,0.09389000000
06-12-2023 06:00,06-12-2023 07:00,0.10652000000
06-12-2023 07:00,06-12-2023 08:00,0.13276000000
06-12-2023 08:00,06-12-2023 09:00,0.16700000000
06-12-2023 09:00,06-12-2023 10:00,0.16654000000
06-12-2023 10:00,06-12-2023 11:00,0.15000000000
06-12-2023 11:00,06-12-2023 12:00,0.14629000000
06-12-2023 12:00,06-12-2023 13:00,0.11900000000
06-12-2023 13:00,06-12-2023 14:00,0.10973000000
06-12-2023 14:00,06-12-2023 15:00,0.12989000000
06-12-2023 15:00,06-12-2023 16:00,0.14399000000
06-12-2023 16:00,06-12-2023 17:00,0.16400000000
06-12-2023 17:00,06-12-2023 18:00,0.17807000000
06-12-2023 18:00,06-12-2023 19:00,0.16528000000
06-12-2023 19:00,06-12-2023 20:00,0.14993000000
06-12-2023 20:00,06-12-2023 21:00,0.12991000000
06-12-2023 21:00,06-12-2023 22:00,0.11568000000
06-12-2023 22:00,06-12-2023 23:00,0.10733000000
06-12-2023 23:00,07-12-2023 00:00,0.10044000000
07-12-2023 00:00,07-12-2023 01:00,0.09920000000
07-12-2023 01:00,07-12-2023 02:00,0.09785000000
07-12-2023 02:00,07-12-2023 03:00,0.09686000000
07-12-2023 03:00,07-12-2023 04:00,0.09181000000
07-12-2023 04:00,07-12-2023 05:00,0.08992000000
07-12-2023 05:00,07-12-2023 06:00,0.09453000000
07-12-2023 06:00,07-12-2023 07:00,0.09705000000
07-12-2023 07:00,07-12-2023 08:00,0.12799000000
07-12-2023 08:00,07-12-2023 09:00,0.15000000000
07-12-2023 09:00,07-12-2023 10:00,0.13770000000
07-12-2023 10:00,07-12-2023 11:00,0.10820000000
07-12-2023 11:00,07-12-2023 12:00,0.09430000000
07-12-2023 12:00,07-12-2023 13:00,0.07900000000
07-12-2023 13:00,07-12-2023 14:00,0.08030000000
07-12-2023 14:00,07-12-2023 15:00,0.08600000000
07-12-2023 15:00,07-12-2023 16:00,0.10670000000
07-12-2023 16:00,07-12-2023 17:00,0.12613000000
07-12-2023 17:00,07-12-2023 18:00,0.12521000000
07-12-2023 18:00,07-12-2023 19:00,0.12028000000
07-12-2023 19:00,07-12-2023 20:00,0.10319000000
07-12-2023 20:00,07-12-2023 21:00,0.09988000000
07-12-2023 21:00,07-12-2023 22:00,0.09610000000
07-12-2023 22:00,07-12-2023 23:00,0.09647000000
07-12-2023 23:00,08-12-2023 00:00,0.08708000000
08-12-2023 00:00,08-12-2023 01:00,0.08709000000
08-12-2023 01:00,08-12-2023 02:00,0.08326000000
08-12-2023 02:00,08-12-2023 03:00,0.08143000000
08-12-2023 03:00,08-12-2023 04:00,0.07952000000
08-12-2023 04:00,08-12-2023 05:00,0.08000000000
08-12-2023 05:00,08-12-2023 06:00,0.08704000000
08-12-2023 06:00,08-12-2023 07:00,0.09994000000
08-12-2023 07:00,08-12-2023 08:00,0.10754000000
08-12-2023 08:00,08-12-2023 09:00,0.11280000000
08-12-2023 09:00,08-12-2023 10:00,0.11858000000
08-12-2023 10:00,08-12-2023 11:00,0.11878000000
08-12-2023 11:00,08-12-2023 12:00,0.11807000000
08-12-2023 12:00,08-12-2023 13:00,0.11674000000
08-12-2023 13:00,08-12-2023 14:00,0.11189000000
08-12-2023 14:00,08-12-2023 15:00,0.11309000000
08-12-2023 15:00,08-12-2023 16:00,0.11575000000
08-12-2023 16:00,08-12-2023 17:00,0.11335000000
08-12-2023 17:00,08-12-2023 18:00,0.11763000000
08-12-2023 18:00,08-12-2023 19:00,0.11860000000
08-12-2023 19:00,08-12-2023 20:00,0.10556000000
08-12-2023 20:00,08-12-2023 21:00,0.10467000000
08-12-2023 21:00,08-12-2023 22:00,0.10112000000
08-12-2023 22:00,08-12-2023 23:00,0.10139000000
08-12-2023 23:00,09-12-2023 00:00,0.09058000000
09-12-2023 00:00,09-12-2023 01:00,0.09500000000
09-12-2023 01:00,09-12-2023 02:00,0.08510000000
09-12-2023 02:00,09-12-2023 03:00,0.07949000000
09-12-2023 03:00,09-12-2023 04:00,0.07307000000
09-12-2023 04:00,09-12-2023 05:00,0.06957000000
09-12-2023 05:00,09-12-2023 06:00,0.07238000000
09-12-2023 06:00,09-12-2023 07:00,0.07604000000
09-12-2023 07:00,09-12-2023 08:00,0.08249000000
09-12-2023 08:00,09-12-2023 09:00,0.08514000000
09-12-2023 09:00,09-12-2023 10:00,0.09176000000
09-12-2023 10:00,09-12-2023 11:00,0.09058000000
09-12-2023 11:00,09-12-2023 12:00,0.09075000000
09-12-2023 12:00,09-12-2023 13:00,0.09117000000
09-12-2023 13:00,09-12-2023 14:00,0.08869000000
09-12-2023 14:00,09-12-2023 15:00,0.08560000000
09-12-2023 15:00,09-12-2023 16:00,0.08350000000
09-12-2023 16:00,09-12-2023 17:00,0.07870000000
09-12-2023 17:00,09-12-2023 18:00,0.08344000000
09-12-2023 18:00,09-12-2023 19:00,0.08000000000
09-12-2023 19:00,09-12-2023 20:00,0.07869000000
09-12-2023 20:00,09-12-2023 21:00,0.06562000000
09-12-2023 21:00,09-12-2023 22:00,0.06140000000
09-12-2023 22:00,09-12-2023 23:00,0.05720000000
09-12-2023 23:00,10-12-2023 00:00,0.04618000000
10-12-2023 00:00,10-12-2023 01:00,0.03378000000
10-12-2023 01:00,10-12-2023 02:00,0.02134000000
10-12-2023 02:00,10-12-2023 03:00,0.01249000000
10-12-2023 03:00,10-12-2023 04:00,0.00637000000
10-12-2023 04:00,10-12-2023 05:00,0.00936000000
10-12-2023 05:00,10-12-2023 06:00,0.01754000000
10-12-2023 06:00,10-12-2023 07:00,0.02384000000
10-12-2023 07:00,10-12-2023 08:00,0.04185000000
10-12-2023 08:00,10-12-2023 09:00,0.05967000000
10-12-2023 09:00,10-12-2023 10:00,0.06624000000
10-12-2023 10:00,10-12-2023 11:00,0.06801000000
10-12-2023 11:00,10-12-2023 12:00,0.06796000000
10-12-2023 12:00,10-12-2023 13:00,0.06638000000
10-12-2023 13:00,10-12-2023 14:00,0.06473000000
10-12-2023 14:00,10-12-2023 15:00,0.06898000000
10-12-2023 15:00,10-12-2023 16:00,0.07584000000
10-12-2023 16:00,10-12-2023 17:00,0.08030000000
10-12-2023 17:00,10-12-2023 18:00,0.08030000000
10-12-2023 18:00,10-12-2023 19:00,0.08542000000
10-12-2023 19:00,10-12-2023 20:00,0.08076000000
10-12-2023 20:00,10-12-2023 21:00,0.07805000000
10-12-2023 21:00,10-12-2023 22:00,0.07706000000
10-12-2023 22:00,10-12-2023 23:00,0.07747000000
10-12-2023 23:00,11-12-2023 00:00,0.06715000000
11-12-2023 00:00,11-12-2023 01:00,0.03455000000
11-12-2023 01:00,11-12-2023 02:00,0.01574000000
11-12-2023 02:00,11-12-2023 03:00,0.01300000000
11-12-2023 03:00,11-12-2023 04:00,0.00890000000
11-12-2023 04:00,11-12-2023 05:00,0.01199000000
11-12-2023 05:00,11-12-2023 06:00,0.03579000000
11-12-2023 06:00,11-12-2023 07:00,0.07429000000
11-12-2023 07:00,11-12-2023 08:00,0.09274000000
11-12-2023 08:00,11-12-2023 09:00,0.09865000000
11-12-2023 09:00,11-12-2023 10:00,0.09837000000
11-12-2023 10:00,11-12-2023 11:00,0.09329000000
11-12-2023 11:00,11-12-2023 12:00,0.09098000000
11-12-2023 12:00,11-12-2023 13:00,0.08597000000
11-12-2023 13:00,11-12-2023 14:00,0.08448000000
11-12-2023 14:00,11-12-2023 15:00,0.09200000000
11-12-2023 15:00,11-12-2023 16:00,0.09679000000
11-12-2023 16:00,11-12-2023 17:00,0.10612000000
11-12-2023 17:00,11-12-2023 18:00,0.11845000000
11-12-2023 18:00,11-12-2023 19:00,0.12290000000
11-12-2023 19:00,11-12-2023 20:00,0.12155000000
11-12-2023 20:00,11-12-2023 21:00,0.11411000000
11-12-2023 21:00,11-12-2023 22:00,0.09942000000
11-12-2023 22:00,11-12-2023 23:00,0.09653000000
11-12-2023 23:00,12-12-2023 00:00,0.09037000000
12-12-2023 00:00,12-12-2023 01:00,0.08807000000
12-12-2023 01:00,12-12-2023 02:00,0.08706000000
12-12-2023 02:00,12-12-2023 03:00,0.08562000000
12-12-2023 03:00,12-12-2023 04:00,0.08442000000
12-12-2023 04:00,12-12-2023 05:00,0.08555000000
12-12-2023 05:00,12-12-2023 06:00,0.08731000000
12-12-2023 06:00,12-12-2023 07:00,0.09890000000
12-12-2023 07:00,12-12-2023 08:00,0.11840000000
12-12-2023 08:00,12-12-2023 09:00,0.14079000000
12-12-2023 09:00,12-12-2023 10:00,0.12877000000
12-12-2023 10:00,12-12-2023 11:00,0.12457000000
12-12-2023 11:00,12-12-2023 12:00,0.11881000000
12-12-2023 12:00,12-12-2023 13:00,0.11682000000
12-12-2023 13:00,12-12-2023 14:00,0.11947000000
12-12-2023 14:00,12-12-2023 15:00,0.11669000000
12-12-2023 15:00,12-12-2023 16:00,0.11554000000
12-12-2023 16:00,12-12-2023 17:00,0.10650000000
12-12-2023 17:00,12-12-2023 18:00,0.10413000000
12-12-2023 18:00,12-12-2023 19:00,0.10500000000
12-12-2023 19:00,12-12-2023 20:00,0.09360000000
12-12-2023 20:00,12-12-2023 21:00,0.09215000000
12-12-2023 21:00,12-12-2023 22:00,0.08814000000
12-12-2023 22:00,12-12-2023 23:00,0.08337000000
12-12-2023 23:00,13-12-2023 00:00,0.07750000000
13-12-2023 00:00,13-12-2023 01:00,0.07543000000
13-12-2023 01:00,13-12-2023 02:00,0.07301000000
13-12-2023 02:00,13-12-2023 03:00,0.07372000000
13-12-2023 03:00,13-12-2023 04:00,0.07146000000
13-12-2023 04:00,13-12-2023 05:00,0.07305000000
13-12-2023 05:00,13-12-2023 06:00,0.07557000000
13-12-2023 06:00,13-12-2023 07:00,0.08310000000
13-12-2023 07:00,13-12-2023 08:00,0.10219000000
13-12-2023 08:00,13-12-2023 09:00,0.09877000000
13-12-2023 09:00,13-12-2023 10:00,0.10351000000
13-12-2023 10:00,13-12-2023 11:00,0.10023000000
13-12-2023 11:00,13-12-2023 12:00,0.10000000000
13-12-2023 12:00,13-12-2023 13:00,0.09762000000
13-12-2023 13:00,13-12-2023 14:00,0.09734000000
13-12-2023 14:00,13-12-2023 15:00,0.10206000000
13-12-2023 15:00,13-12-2023 16:00,0.10283000000
13-12-2023 16:00,13-12-2023 17:00,0.10078000000
13-12-2023 17:00,13-12-2023 18:00,0.11004000000
13-12-2023 18:00,13-12-2023 19:00,0.10542000000
13-12-2023 19:00,13-12-2023 20:00,0.10204000000
13-12-2023 20:00,13-12-2023 21:00,0.09530000000
13-12-2023 21:00,13-12-2023 22:00,0.09088000000
13-12-2023 22:00,13-12-2023 23:00,0.09235000000
13-12-2023 23:00,14-12-2023 00:00,0.08425000000
14-12-2023 00:00,14-12-2023 01:00,0.07734000000
14-12-2023 01:00,14-12-2023 02:00,0.07613000000
14-12-2023 02:00,14-12-2023 03:00,0.07650000000
14-12-2023 03:00,14-12-2023 04:00,0.07753000000
14-12-2023 04:00,14-12-2023 05:00,0.07905000000
14-12-2023 05:00,14-12-2023 06:00,0.08192000000
14-12-2023 06:00,14-12-2023 07:00,0.09092000000
14-12-2023 07:00,14-12-2023 08:00,0.11634000000
14-12-2023 08:00,14-12-2023 09:00,0.12466000000
14-12-2023 09:00,14-12-2023 10:00,0.12170000000
14-12-2023 10:00,14-12-2023 11:00,0.11433000000
14-12-2023 11:00,14-12-2023 12:00,0.11932000000
14-12-2023 12:00,14-12-2023 13:00,0.09500000000
14-12-2023 13:00,14-12-2023 14:00,0.09990000000
14-12-2023 14:00,14-12-2023 15:00,0.10080000000
14-12-2023 15:00,14-12-2023 16:00,0.10810000000
14-12-2023 16:00,14-12-2023 17:00,0.12000000000
14-12-2023 17:00,14-12-2023 18:00,0.11990000000
14-12-2023 18:00,14-12-2023 19:00,0.12230000000
14-12-2023 19:00,14-12-2023 20:00,0.11382000000
14-12-2023 20:00,14-12-2023 21:00,0.09990000000
14-12-2023 21:00,14-12-2023 22:00,0.09620000000
14-12-2023 22:00,14-12-2023 23:00,0.09446000000
14-12-2023 23:00,15-12-2023 00:00,0.08557000000
15-12-2023 00:00,15-12-2023 01:00,0.08611000000
15-12-2023 01:00,15-12-2023 02:00,0.08293000000
15-12-2023 02:00,15-12-2023 03:00,0.08010000000
15-12-2023 03:00,15-12-2023 04:00,0.07655000000
15-12-2023 04:00,15-12-2023 05:00,0.07516000000
15-12-2023 05:00,15-12-2023 06:00,0.08041000000
15-12-2023 06:00,15-12-2023 07:00,0.09597000000
15-12-2023 07:00,15-12-2023 08:00,0.10692000000
15-12-2023 08:00,15-12-2023 09:00,0.12150000000
15-12-2023 09:00,15-12-2023 10:00,0.11747000000
15-12-2023 10:00,15-12-2023 11:00,0.10997000000
15-12-2023 11:00,15-12-2023 12:00,0.10277000000
15-12-2023 12:00,15-12-2023 13:00,0.09420000000
15-12-2023 13:00,15-12-2023 14:00,0.08837000000
15-12-2023 14:00,15-12-2023 15:00,0.08710000000
15-12-2023 15:00,15-12-2023 16:00,0.08986000000
15-12-2023 16:00,15-12-2023 17:00,0.09840000000
15-12-2023 17:00,15-12-2023 18:00,0.10440000000
15-12-2023 18:00,15-12-2023 19:00,0.10186000000
15-12-2023 19:00,15-12-2023 20:00,0.09330000000
15-12-2023 20:00,15-12-2023 21:00,0.09336000000
15-12-2023 21:00,15-12-2023 22:00,0.08836000000
15-12-2023 22:00,15-12-2023 23:00,0.08677000000
15-12-2023 23:00,16-12-2023 00:00,0.07671000000
16-12-2023 00:00,16-12-2023 01:00,0.06720000000
16-12-2023 01:00,16-12-2023 02:00,0.06321000000
16-12-2023 02:00,16-12-2023 03:00,0.06037000000
16-12-2023 03:00,16-12-2023 04:00,0.05800000000
16-12-2023 04:00,16-12-2023 05:00,0.05410000000
16-12-2023 05:00,16-12-2023 06:00,0.05564000000
16-12-2023 06:00,16-12-2023 07:00,0.05934000000
16-12-2023 07:00,16-12-2023 08:00,0.06510000000
16-12-2023 08:00,16-12-2023 09:00,0.07989000000
16-12-2023 09:00,16-12-2023 10:00,0.08769000000
16-12-2023 10:00,16-12-2023 11:00,0.08442000000
16-12-2023 11:00,16-12-2023 12:00,0.07700000000
16-12-2023 12:00,16-12-2023 13:00,0.07145000000
16-12-2023 13:00,16-12-2023 14:00,0.07062000000
16-12-2023 14:00,16-12-2023 15:00,0.07531000000
16-12-2023 15:00,16-12-2023 16:00,0.08038000000
16-12-2023 16:00,16-12-2023 17:00,0.08390000000
16-12-2023 17:00,16-12-2023 18:00,0.10678000000
16-12-2023 18:00,16-12-2023 19:00,0.11881000000
16-12-2023 19:00,16-12-2023 20:00,0.10300000000
16-12-2023 20:00,16-12-2023 21:00,0.09360000000
16-12-2023 21:00,16-12-2023 22:00,0.07500000000
16-12-2023 22:00,16-12-2023 23:00,0.06646000000
16-12-2023 23:00,17-12-2023 00:00,0.05600000000
17-12-2023 00:00,17-12-2023 01:00,0.04548000000
17-12-2023 01:00,17-12-2023 02:00,0.04311000000
17-12-2023 02:00,17-12-2023 03:00,0.04371000000
17-12-2023 03:00,17-12-2023 04:00,0.02869000000
17-12-2023 04:00,17-12-2023 05:00,0.02637000000
17-12-2023 05:00,17-12-2023 06:00,0.02987000000
17-12-2023 06:00,17-12-2023 07:00,0.03903000000
17-12-2023 07:00,17-12-2023 08:00,0.04553000000
17-12-2023 08:00,17-12-2023 09:00,0.05767000000
17-12-2023 09:00,17-12-2023 10:00,0.05917000000
17-12-2023 10:00,17-12-2023 11:00,0.05443000000
17-12-2023 11:00,17-12-2023 12:00,0.04900000000
17-12-2023 12:00,17-12-2023 13:00,0.04371000000
17-12-2023 13:00,17-12-2023 14:00,0.04003000000
17-12-2023 14:00,17-12-2023 15:00,0.04610000000
17-12-2023 15:00,17-12-2023 16:00,0.05718000000
17-12-2023 16:00,17-12-2023 17:00,0.06413000000
17-12-2023 17:00,17-12-2023 18:00,0.08900000000
17-12-2023 18:00,17-12-2023 19:00,0.09989000000
17-12-2023 19:00,17-12-2023 20:00,0.08600000000
17-12-2023 20:00,17-12-2023 21:00,0.06599000000
17-12-2023 21:00,17-12-2023 22:00,0.06489000000
17-12-2023 22:00,17-12-2023 23:00,0.06684000000
17-12-2023 23:00,18-12-2023 00:00,0.05163000000
18-12-2023 00:00,18-12-2023 01:00,0.05446000000
18-12-2023 01:00,18-12-2023 02:00,0.05202000000
18-12-2023 02:00,18-12-2023 03:00,0.05029000000
18-12-2023 03:00,18-12-2023 04:00,0.04920000000
18-12-2023 04:00,18-12-2023 05:00,0.05277000000
18-12-2023 05:00,18-12-2023 06:00,0.06258000000
18-12-2023 06:00,18-12-2023 07:00,0.08400000000
18-12-2023 07:00,18-12-2023 08:00,0.10339000000
18-12-2023 08:00,18-12-2023 09:00,0.10928000000
18-12-2023 09:00,18-12-2023 10:00,0.11028000000
18-12-2023 10:00,18-12-2023 11:00,0.08903000000
18-12-2023 11:00,18-12-2023 12:00,0.08117000000
18-12-2023 12:00,18-12-2023 13:00,0.07489000000
18-12-2023 13:00,18-12-2023 14:00,0.07495000000
18-12-2023 14:00,18-12-2023 15:00,0.08087000000
18-12-2023 15:00,18-12-2023 16:00,0.08800000000
18-12-2023 16:00,18-12-2023 17:00,0.09541000000
18-12-2023 17:00,18-12-2023 18:00,0.10433000000
18-12-2023 18:00,18-12-2023 19:00,0.10315000000
18-12-2023 19:00,18-12-2023 20:00,0.09630000000
18-12-2023 20:00,18-12-2023 21:00,0.08309000000
18-12-2023 21:00,18-12-2023 22:00,0.07489000000
18-12-2023 22:00,18-12-2023 23:00,0.06379000000
18-12-2023 23:00,19-12-2023 00:00,0.05794000000
19-12-2023 00:00,19-12-2023 01:00,0.05224000000
19-12-2023 01:00,19-12-2023 02:00,0.05089000000
19-12-2023 02:00,19-12-2023 03:00,0.04999000000
19-12-2023 03:00,19-12-2023 04:00,0.05627000000
19-12-2023 04:00,19-12-2023 05:00,0.05900000000
19-12-2023 05:00,19-12-2023 06:00,0.06505000000
19-12-2023 06:00,19-12-2023 07:00,0.08000000000
19-12-2023 07:00,19-12-2023 08:00,0.09374000000
19-12-2023 08:00,19-12-2023 09:00,0.10024000000
19-12-2023 09:00,19-12-2023 10:00,0.09428000000
19-12-2023 10:00,19-12-2023 11:00,0.08610000000
19-12-2023 11:00,19-12-2023 12:00,0.07971000000
19-12-2023 12:00,19-12-2023 13:00,0.07650000000
19-12-2023 13:00,19-12-2023 14:00,0.08000000000
19-12-2023 14:00,19-12-2023 15:00,0.08066000000
19-12-2023 15:00,19-12-2023 16:00,0.08482000000
19-12-2023 16:00,19-12-2023 17:00,0.08867000000
19-12-2023 17:00,19-12-2023 18:00,0.10181000000
19-12-2023 18:00,19-12-2023 19:00,0.09440000000
19-12-2023 19:00,19-12-2023 20:00,0.09110000000
19-12-2023 20:00,19-12-2023 21:00,0.08520000000
19-12-2023 21:00,19-12-2023 22:00,0.07964000000
19-12-2023 22:00,19-12-2023 23:00,0.07586000000
19-12-2023 23:00,20-12-2023 00:00,0.05984000000
20-12-2023 00:00,20-12-2023 01:00,0.05785000000
20-12-2023 01:00,20-12-2023 02:00,0.05048000000
20-12-2023 02:00,20-12-2023 03:00,0.04800000000
20-12-2023 03:00,20-12-2023 04:00,0.03998000000
20-12-2023 04:00,20-12-2023 05:00,0.03151000000
20-12-2023 05:00,20-12-2023 06:00,0.03997000000
20-12-2023 06:00,20-12-2023 07:00,0.04813000000
20-12-2023 07:00,20-12-2023 08:00,0.06953000000
20-12-2023 08:00,20-12-2023 09:00,0.09809000000
20-12-2023 09:00,20-12-2023 10:00,0.10710000000
20-12-2023 10:00,20-12-2023 11:00,0.09500000000
20-12-2023 11:00,20-12-2023 12:00,0.08800000000
20-12-2023 12:00,20-12-2023 13:00,0.06654000000
20-12-2023 13:00,20-12-2023 14:00,0.07010000000
20-12-2023 14:00,20-12-2023 15:00,0.08431000000
20-12-2023 15:00,20-12-2023 16:00,0.09066000000
20-12-2023 16:00,20-12-2023 17:00,0.09800000000
20-12-2023 17:00,20-12-2023 18:00,0.11091000000
20-12-2023 18:00,20-12-2023 19:00,0.10081000000
20-12-2023 19:00,20-12-2023 20:00,0.08906000000
20-12-2023 20:00,20-12-2023 21:00,0.07807000000
20-12-2023 21:00,20-12-2023 22:00,0.06687000000
20-12-2023 22:00,20-12-2023 23:00,0.06142000000
20-12-2023 23:00,21-12-2023 00:00,0.04893000000
21-12-2023 00:00,21-12-2023 01:00,0.02990000000
21-12-2023 01:00,21-12-2023 02:00,0.02483000000
21-12-2023 02:00,21-12-2023 03:00,0.02048000000
21-12-2023 03:00,21-12-2023 04:00,0.00276000000
21-12-2023 04:00,21-12-2023 05:00,-0.00084000000
21-12-2023 05:00,21-12-2023 06:00,-0.00027000000
21-12-2023 06:00,21-12-2023 07:00,0.02444000000
21-12-2023 07:00,21-12-2023 08:00,0.04650000000
21-12-2023 08:00,21-12-2023 09:00,0.07820000000
21-12-2023 09:00,21-12-2023 10:00,0.08380000000
21-12-2023 10:00,21-12-2023 11:00,0.08738000000
21-12-2023 11:00,21-12-2023 12:00,0.08572000000
21-12-2023 12:00,21-12-2023 13:00,0.07590000000
21-12-2023 13:00,21-12-2023 14:00,0.06490000000
21-12-2023 14:00,21-12-2023 15:00,0.07510000000
21-12-2023 15:00,21-12-2023 16:00,0.07587000000
21-12-2023 16:00,21-12-2023 17:00,0.07340000000
21-12-2023 17:00,21-12-2023 18:00,0.10000000000
21-12-2023 18:00,21-12-2023 19:00,0.10275000000
21-12-2023 19:00,21-12-2023 20:00,0.09070000000
21-12-2023 20:00,21-12-2023 21:00,0.08900000000
21-12-2023 21:00,21-12-2023 22:00,0.06000000000
21-12-2023 22:00,21-12-2023 23:00,0.04756000000
21-12-2023 23:00,22-12-2023 00:00,0.01358000000
22-12-2023 00:00,22-12-2023 01:00,0.00013000000
22-12-2023 01:00,22-12-2023 02:00,-0.00025000000
22-12-2023 02:00,22-12-2023 03:00,-0.00007000000
22-12-2023 03:00,22-12-2023 04:00,-0.00019000000
22-12-2023 04:00,22-12-2023 05:00,-0.00021000000
22-12-2023 05:00,22-12-2023 06:00,-0.00040000000
22-12-2023 06:00,22-12-2023 07:00,0.00044000000
22-12-2023 07:00,22-12-2023 08:00,0.03210000000
22-12-2023 08:00,22-12-2023 09:00,0.07200000000
22-12-2023 09:00,22-12-2023 10:00,0.09200000000
22-12-2023 10:00,22-12-2023 11:00,0.06357000000
22-12-2023 11:00,22-12-2023 12:00,0.05995000000
22-12-2023 12:00,22-12-2023 13:00,0.05411000000
22-12-2023 13:00,22-12-2023 14:00,0.05450000000
22-12-2023 14:00,22-12-2023 15:00,0.06061000000
22-12-2023 15:00,22-12-2023 16:00,0.06000000000
22-12-2023 16:00,22-12-2023 17:00,0.04980000000
22-12-2023 17:00,22-12-2023 18:00,0.07200000000
22-12-2023 18:00,22-12-2023 19:00,0.06490000000
22-12-2023 19:00,22-12-2023 20:00,0.06010000000
22-12-2023 20:00,22-12-2023 21:00,0.05647000000
22-12-2023 21:00,22-12-2023 22:00,0.04503000000
22-12-2023 22:00,22-12-2023 23:00,0.03041000000
22-12-2023 23:00,23-12-2023 00:00,0.01200000000
23-12-2023 00:00,23-12-2023 01:00,0.01000000000
23-12-2023 01:00,23-12-2023 02:00,0.00432000000
23-12-2023 02:00,23-12-2023 03:00,0.00013000000
23-12-2023 03:00,23-12-2023 04:00,0.00003000000
23-12-2023 04:00,23-12-2023 05:00,0.00000000000
23-12-2023 05:00,23-12-2023 06:00,0.00000000000
23-12-2023 06:00,23-12-2023 07:00,0.00010000000
23-12-2023 07:00,23-12-2023 08:00,0.00743000000
23-12-2023 08:00,23-12-2023 09:00,0.02000000000
23-12-2023 09:00,23-12-2023 10:00,0.04208000000
23-12-2023 10:00,23-12-2023 11:00,0.04164000000
23-12-2023 11:00,23-12-2023 12:00,0.04590000000
23-12-2023 12:00,23-12-2023 13:00,0.04600000000
23-12-2023 13:00,23-12-2023 14:00,0.04981000000
23-12-2023 14:00,23-12-2023 15:00,0.04930000000
23-12-2023 15:00,23-12-2023 16:00,0.04951000000
23-12-2023 16:00,23-12-2023 17:00,0.05428000000
23-12-2023 17:00,23-12-2023 18:00,0.06377000000
23-12-2023 18:00,23-12-2023 19:00,0.06645000000
23-12-2023 19:00,23-12-2023 20:00,0.05799000000
23-12-2023 20:00,23-12-2023 21:00,0.04846000000
23-12-2023 21:00,23-12-2023 22:00,0.03837000000
23-12-2023 22:00,23-12-2023 23:00,0.02032000000
23-12-2023 23:00,24-12-2023 00:00,0.00777000000
24-12-2023 00:00,24-12-2023 01:00,0.00008000000
24-12-2023 01:00,24-12-2023 02:00,-0.00025000000
24-12-2023 02:00,24-12-2023 03:00,-0.00055000000
24-12-2023 03:00,24-12-2023 04:00,-0.00124000000
24-12-2023 04:00,24-12-2023 05:00,-0.00410000000
24-12-2023 05:00,24-12-2023 06:00,-0.00497000000
24-12-2023 06:00,24-12-2023 07:00,-0.00422000000
24-12-2023 07:00,24-12-2023 08:00,-0.00291000000
24-12-2023 08:00,24-12-2023 09:00,-0.00162000000
24-12-2023 09:00,24-12-2023 10:00,0.00000000000
24-12-2023 10:00,24-12-2023 11:00,0.00209000000
24-12-2023 11:00,24-12-2023 12:00,0.00006000000
24-12-2023 12:00,24-12-2023 13:00,0.00005000000
24-12-2023 13:00,24-12-2023 14:00,0.00006000000
24-12-2023 14:00,24-12-2023 15:00,0.00003000000
24-12-2023 15:00,24-12-2023 16:00,0.00013000000
24-12-2023 16:00,24-12-2023 17:00,0.00100000000
24-12-2023 17:00,24-12-2023 18:00,0.01850000000
24-12-2023 18:00,24-12-2023 19:00,0.03121000000
24-12-2023 19:00,24-12-2023 20:00,0.03480000000
24-12-2023 20:00,24-12-2023 21:00,0.01000000000
24-12-2023 21:00,24-12-2023 22:00,0.00201000000
24-12-2023 22:00,24-12-2023 23:00,0.00000000000
24-12-2023 23:00,25-12-2023 00:00,-0.00010000000
25-12-2023 00:00,25-12-2023 01:00,-0.00191000000
25-12-2023 01:00,25-12-2023 02:00,-0.00379000000
25-12-2023 02:00,25-12-2023 03:00,-0.00665000000
25-12-2023 03:00,25-12-2023 04:00,-0.01003000000
25-12-2023 04:00,25-12-2023 05:00,-0.01000000000
25-12-2023 05:00,25-12-2023 06:00,-0.00650000000
25-12-2023 06:00,25-12-2023 07:00,-0.00759000000
25-12-2023 07:00,25-12-2023 08:00,-0.00150000000
25-12-2023 08:00,25-12-2023 09:00,0.00008000000
25-12-2023 09:00,25-12-2023 10:00,0.01005000000
25-12-2023 10:00,25-12-2023 11:00,0.02500000000
25-12-2023 11:00,25-12-2023 12:00,0.01510000000
25-12-2023 12:00,25-12-2023 13:00,0.00009000000
25-12-2023 13:00,25-12-2023 14:00,0.00000000000
25-12-2023 14:00,25-12-2023 15:00,0.00007000000
25-12-2023 15:00,25-12-2023 16:00,0.00500000000
25-12-2023 16:00,25-12-2023 17:00,0.03499000000
25-12-2023 17:00,25-12-2023 18:00,0.05250000000
25-12-2023 18:00,25-12-2023 19:00,0.04010000000
25-12-2023 19:00,25-12-2023 20:00,0.03300000000
25-12-2023 20:00,25-12-2023 21:00,0.01201000000
25-12-2023 21:00,25-12-2023 22:00,0.00962000000
25-12-2023 22:00,25-12-2023 23:00,0.00500000000
25-12-2023 23:00,26-12-2023 00:00,0.00008000000
26-12-2023 00:00,26-12-2023 01:00,0.00000000000
26-12-2023 01:00,26-12-2023 02:00,-0.00002000000
26-12-2023 02:00,26-12-2023 03:00,-0.00014000000
26-12-2023 03:00,26-12-2023 04:00,-0.00283000000
26-12-2023 04:00,26-12-2023 05:00,-0.00380000000
26-12-2023 05:00,26-12-2023 06:00,-0.00185000000
26-12-2023 06:00,26-12-2023 07:00,0.00000000000
26-12-2023 07:00,26-12-2023 08:00,0.00162000000
26-12-2023 08:00,26-12-2023 09:00,0.03821000000
26-12-2023 09:00,26-12-2023 10:00,0.05170000000
26-12-2023 10:00,26-12-2023 11:00,0.04888000000
26-12-2023 11:00,26-12-2023 12:00,0.02504000000
26-12-2023 12:00,26-12-2023 13:00,0.01000000000
26-12-2023 13:00,26-12-2023 14:00,0.00273000000
26-12-2023 14:00,26-12-2023 15:00,0.04010000000
26-12-2023 15:00,26-12-2023 16:00,0.07420000000
26-12-2023 16:00,26-12-2023 17:00,0.09190000000
26-12-2023 17:00,26-12-2023 18:00,0.11380000000
26-12-2023 18:00,26-12-2023 19:00,0.13000000000
26-12-2023 19:00,26-12-2023 20:00,0.12900000000
26-12-2023 20:00,26-12-2023 21:00,0.11390000000
26-12-2023 21:00,26-12-2023 22:00,0.08310000000
26-12-2023 22:00,26-12-2023 23:00,0.09720000000
26-12-2023 23:00,27-12-2023 00:00,0.08500000000
27-12-2023 00:00,27-12-2023 01:00,0.08991000000
27-12-2023 01:00,27-12-2023 02:00,0.07920000000
27-12-2023 02:00,27-12-2023 03:00,0.05763000000
27-12-2023 03:00,27-12-2023 04:00,0.05190000000
27-12-2023 04:00,27-12-2023 05:00,0.05003000000
27-12-2023 05:00,27-12-2023 06:00,0.05571000000
27-12-2023 06:00,27-12-2023 07:00,0.06506000000
27-12-2023 07:00,27-12-2023 08:00,0.07765000000
27-12-2023 08:00,27-12-2023 09:00,0.08276000000
27-12-2023 09:00,27-12-2023 10:00,0.08054000000
27-12-2023 10:00,27-12-2023 11:00,0.07489000000
27-12-2023 11:00,27-12-2023 12:00,0.07471000000
27-12-2023 12:00,27-12-2023 13:00,0.07379000000
27-12-2023 13:00,27-12-2023 14:00,0.07200000000
27-12-2023 14:00,27-12-2023 15:00,0.07370000000
27-12-2023 15:00,27-12-2023 16:00,0.08000000000
27-12-2023 16:00,27-12-2023 17:00,0.07916000000
27-12-2023 17:00,27-12-2023 18:00,0.08038000000
27-12-2023 18:00,27-12-2023 19:00,0.07438000000
27-12-2023 19:00,27-12-2023 20:00,0.06490000000
27-12-2023 20:00,27-12-2023 21:00,0.05473000000
27-12-2023 21:00,27-12-2023 22:00,0.02474000000
27-12-2023 22:00,27-12-2023 23:00,0.01699000000
27-12-2023 23:00,28-12-2023 00:00,0.00020000000
28-12-2023 00:00,28-12-2023 01:00,-0.00002000000
28-12-2023 01:00,28-12-2023 02:00,-0.00078000000
28-12-2023 02:00,28-12-2023 03:00,-0.00143000000
28-12-2023 03:00,28-12-2023 04:00,-0.00139000000
28-12-2023 04:00,28-12-2023 05:00,-0.00194000000
28-12-2023 05:00,28-12-2023 06:00,-0.00104000000
28-12-2023 06:00,28-12-2023 07:00,-0.00070000000
28-12-2023 07:00,28-12-2023 08:00,0.01606000000
28-12-2023 08:00,28-12-2023 09:00,0.03820000000
28-12-2023 09:00,28-12-2023 10:00,0.03879000000
28-12-2023 10:00,28-12-2023 11:00,0.02960000000
28-12-2023 11:00,28-12-2023 12:00,0.03489000000
28-12-2023 12:00,28-12-2023 13:00,0.01165000000
28-12-2023 13:00,28-12-2023 14:00,0.01140000000
28-12-2023 14:00,28-12-2023 15:00,0.02637000000
28-12-2023 15:00,28-12-2023 16:00,0.05072000000
28-12-2023 16:00,28-12-2023 17:00,0.04087000000
28-12-2023 17:00,28-12-2023 18:00,0.07840000000
28-12-2023 18:00,28-12-2023 19:00,0.07840000000
28-12-2023 19:00,28-12-2023 20:00,0.06502000000
28-12-2023 20:00,28-12-2023 21:00,0.06490000000
28-12-2023 21:00,28-12-2023 22:00,0.05400000000
28-12-2023 22:00,28-12-2023 23:00,0.04000000000
28-12-2023 23:00,29-12-2023 00:00,0.00200000000
29-12-2023 00:00,29-12-2023 01:00,0.00000000000
29-12-2023 01:00,29-12-2023 02:00,-0.00008000000
29-12-2023 02:00,29-12-2023 03:00,-0.00028000000
29-12-2023 03:00,29-12-2023 04:00,-0.00151000000
29-12-2023 04:00,29-12-2023 05:00,-0.00127000000
29-12-2023 05:00,29-12-2023 06:00,-0.00028000000
29-12-2023 06:00,29-12-2023 07:00,-0.00007000000
29-12-2023 07:00,29-12-2023 08:00,0.00010000000
29-12-2023 08:00,29-12-2023 09:00,0.02500000000
29-12-2023 09:00,29-12-2023 10:00,0.05900000000
29-12-2023 10:00,29-12-2023 11:00,0.06005000000
29-12-2023 11:00,29-12-2023 12:00,0.05004000000
29-12-2023 12:00,29-12-2023 13:00,0.03044000000
29-12-2023 13:00,29-12-2023 14:00,0.01713000000
29-12-2023 14:00,29-12-2023 15:00,0.04128000000
29-12-2023 15:00,29-12-2023 16:00,0.06000000000
29-12-2023 16:00,29-12-2023 17:00,0.07370000000
29-12-2023 17:00,29-12-2023 18:00,0.07510000000
29-12-2023 18:00,29-12-2023 19:00,0.06953000000
29-12-2023 19:00,29-12-2023 20:00,0.07490000000
29-12-2023 20:00,29-12-2023 21:00,0.06254000000
29-12-2023 21:00,29-12-2023 22:00,0.05489000000
29-12-2023 22:00,29-12-2023 23:00,0.03604000000
29-12-2023 23:00,30-12-2023 00:00,0.01935000000
30-12-2023 00:00,30-12-2023 01:00,0.03249000000
30-12-2023 01:00,30-12-2023 02:00,0.02916000000
30-12-2023 02:00,30-12-2023 03:00,0.00888000000
30-12-2023 03:00,30-12-2023 04:00,0.00561000000
30-12-2023 04:00,30-12-2023 05:00,0.00574000000
30-12-2023 05:00,30-12-2023 06:00,0.01000000000
30-12-2023 06:00,30-12-2023 07:00,0.03217000000
30-12-2023 07:00,30-12-2023 08:00,0.04490000000
30-12-2023 08:00,30-12-2023 09:00,0.07350000000
30-12-2023 09:00,30-12-2023 10:00,0.07350000000
30-12-2023 10:00,30-12-2023 11:00,0.05300000000
30-12-2023 11:00,30-12-2023 12:00,0.05500000000
30-12-2023 12:00,30-12-2023 13:00,0.03638000000
30-12-2023 13:00,30-12-2023 14:00,0.03325000000
30-12-2023 14:00,30-12-2023 15:00,0.04204000000
30-12-2023 15:00,30-12-2023 16:00,0.07350000000
30-12-2023 16:00,30-12-2023 17:00,0.07062000000
30-12-2023 17:00,30-12-2023 18:00,0.07951000000
30-12-2023 18:00,30-12-2023 19:00,0.07999000000
30-12-2023 19:00,30-12-2023 20:00,0.07109000000
30-12-2023 20:00,30-12-2023 21:00,0.06201000000
30-12-2023 21:00,30-12-2023 22:00,0.05278000000
30-12-2023 22:00,30-12-2023 23:00,0.05010000000
30-12-2023 23:00,31-12-2023 00:00,0.04323000000
31-12-2023 00:00,31-12-2023 01:00,0.03491000000
31-12-2023 01:00,31-12-2023 02:00,0.01256000000
31-12-2023 02:00,31-12-2023 03:00,0.00400000000
31-12-2023 03:00,31-12-2023 04:00,0.00031000000
31-12-2023 04:00,31-12-2023 05:00,0.00013000000
31-12-2023 05:00,31-12-2023 06:00,0.00038000000
31-12-2023 06:00,31-12-2023 07:00,-0.00041000000
31-12-2023 07:00,31-12-2023 08:00,-0.00038000000
31-12-2023 08:00,31-12-2023 09:00,0.00324000000
31-12-2023 09:00,31-12-2023 10:00,0.00936000000
31-12-2023 10:00,31-12-2023 11:00,0.01400000000
31-12-2023 11:00,31-12-2023 12:00,0.01068000000
31-12-2023 12:00,31-12-2023 13:00,0.01100000000
31-12-2023 13:00,31-12-2023 14:00,0.00609000000
31-12-2023 14:00,31-12-2023 15:00,0.00854000000
31-12-2023 15:00,31-12-2023 16:00,0.01324000000
31-12-2023 16:00,31-12-2023 17:00,0.02807000000
31-12-2023 17:00,31-12-2023 18:00,0.05000000000
31-12-2023 18:00,31-12-2023 19:00,0.04500000000
31-12-2023 19:00,31-12-2023 20:00,0.03964000000
31-12-2023 20:00,31-12-2023 21:00,0.03489000000
31-12-2023 21:00,31-12-2023 22:00,0.01330000000
31-12-2023 22:00,31-12-2023 23:00,0.01068000000
31-12-2023 23:00,01-01-2024 00:00,0.00317000000
01-01-2024 00:00,01-01-2024 01:00,0.00010000000
01-01-2024 01:00,01-01-2024 02:00,0.00001000000
01-01-2024 02:00,01-01-2024 03:00,0.00000000000
01-01-2024 03:00,01-01-2024 04:00,-0.00001000000
01-01-2024 04:00,01-01-2024 05:00,-0.00003000000
01-01-2024 05:00,01-01-2024 06:00,-0.00002000000
01-01-2024 06:00,01-01-2024 07:00,-0.00005000000
01-01-2024 07:00,01-01-2024 08:00,-0.00002000000
01-01-2024 08:00,01-01-2024 09:00,0.00000000000
01-01-2024 09:00,01-01-2024 10:00,0.00004000000
01-01-2024 10:00,01-01-2024 11:00,0.00006000000
01-01-2024 11:00,01-01-2024 12:00,0.00054000000
01-01-2024 12:00,01-01-2024 13:00,0.00224000000
01-01-2024 13:00,01-01-2024 14:00,0.00197000000
01-01-2024 14:00,01-01-2024 15:00,0.00113000000
01-01-2024 15:00,01-01-2024 16:00,0.00319000000
01-01-2024 16:00,01-01-2024 17:00,0.04000000000
01-01-2024 17:00,01-01-2024 18:00,0.08446000000
01-01-2024 18:00,01-01-2024 19:00,0.06174000000
01-01-2024 19:00,01-01-2024 20:00,0.06127000000
01-01-2024 20:00,01-01-2024 21:00,0.05997000000
01-01-2024 21:00,01-01-2024 22:00,0.05492000000
01-01-2024 22:00,01-01-2024 23:00,0.04765000000
01-01-2024 23:00,02-01-2024 00:00,0.03555000000
02-01-2024 00:00,02-01-2024 01:00,0.02939000000
02-01-2024 01:00,02-01-2024 02:00,0.01960000000
02-01-2024 02:00,02-01-2024 03:00,0.02733000000
02-01-2024 03:00,02-01-2024 04:00,0.01620000000
02-01-2024 04:00,02-01-2024 05:00,0.00950000000
02-01-2024 05:00,02-01-2024 06:00,0.01120000000
02-01-2024 06:00,02-01-2024 07:00,0.04443000000
02-01-2024 07:00,02-01-2024 08:00,0.05656000000
02-01-2024 08:00,02-01-2024 09:00,0.06428000000
02-01-2024 09:00,02-01-2024 10:00,0.06612000000
02-01-2024 10:00,02-01-2024 11:00,0.07060000000
02-01-2024 11:00,02-01-2024 12:00,0.07880000000
02-01-2024 12:00,02-01-2024 13:00,0.09990000000
02-01-2024 13:00,02-01-2024 14:00,0.10250000000
02-01-2024 14:00,02-01-2024 15:00,0.11060000000
02-01-2024 15:00,02-01-2024 16:00,0.10570000000
02-01-2024 16:00,02-01-2024 17:00,0.10070000000
02-01-2024 17:00,02-01-2024 18:00,0.11893000000
02-01-2024 18:00,02-01-2024 19:00,0.08130000000
02-01-2024 19:00,02-01-2024 20:00,0.07010000000
02-01-2024 20:00,02-01-2024 21:00,0.06670000000
02-01-2024 21:00,02-01-2024 22:00,0.05490000000
02-01-2024 22:00,02-01-2024 23:00,0.05318000000
02-01-2024 23:00,03-01-2024 00:00,0.05490000000
03-01-2024 00:00,03-01-2024 01:00,-0.00039000000
03-01-2024 01:00,03-01-2024 02:00,-0.00161000000
03-01-2024 02:00,03-01-2024 03:00,-0.00139000000
03-01-2024 03:00,03-01-2024 04:00,-0.00131000000
03-01-2024 04:00,03-01-2024 05:00,-0.00139000000
03-01-2024 05:00,03-01-2024 06:00,-0.00195000000
03-01-2024 06:00,03-01-2024 07:00,0.00105000000
03-01-2024 07:00,03-01-2024 08:00,0.04063000000
03-01-2024 08:00,03-01-2024 09:00,0.06830000000
03-01-2024 09:00,03-01-2024 10:00,0.07590000000
03-01-2024 10:00,03-01-2024 11:00,0.07320000000
03-01-2024 11:00,03-01-2024 12:00,0.06920000000
03-01-2024 12:00,03-01-2024 13:00,0.06000000000
03-01-2024 13:00,03-01-2024 14:00,0.05886000000
03-01-2024 14:00,03-01-2024 15:00,0.06086000000
03-01-2024 15:00,03-01-2024 16:00,0.07600000000
03-01-2024 16:00,03-01-2024 17:00,0.07900000000
03-01-2024 17:00,03-01-2024 18:00,0.10100000000
03-01-2024 18:00,03-01-2024 19:00,0.11460000000
03-01-2024 19:00,03-01-2024 20:00,0.10000000000
03-01-2024 20:00,03-01-2024 21:00,0.07323000000
03-01-2024 21:00,03-01-2024 22:00,0.06741000000
03-01-2024 22:00,03-01-2024 23:00,0.06500000000
03-01-2024 23:00,04-01-2024 00:00,0.05812000000
04-01-2024 00:00,04-01-2024 01:00,0.05730000000
04-01-2024 01:00,04-01-2024 02:00,0.05046000000
04-01-2024 02:00,04-01-2024 03:00,0.04000000000
04-01-2024 03:00,04-01-2024 04:00,0.02548000000
04-01-2024 04:00,04-01-2024 05:00,0.03500000000
04-01-2024 05:00,04-01-2024 06:00,0.05773000000
04-01-2024 06:00,04-01-2024 07:00,0.07265000000
04-01-2024 07:00,04-01-2024 08:00,0.08502000000
04-01-2024 08:00,04-01-2024 09:00,0.09147000000
04-01-2024 09:00,04-01-2024 10:00,0.09420000000
04-01-2024 10:00,04-01-2024 11:00,0.09161000000
04-01-2024 11:00,04-01-2024 12:00,0.09003000000
04-01-2024 12:00,04-01-2024 13:00,0.08628000000
04-01-2024 13:00,04-01-2024 14:00,0.08596000000
04-01-2024 14:00,04-01-2024 15:00,0.09211000000
04-01-2024 15:00,04-01-2024 16:00,0.09862000000
04-01-2024 16:00,04-01-2024 17:00,0.10445000000
04-01-2024 17:00,04-01-2024 18:00,0.13021000000
04-01-2024 18:00,04-01-2024 19:00,0.14067000000
04-01-2024 19:00,04-01-2024 20:00,0.12310000000
04-01-2024 20:00,04-01-2024 21:00,0.10165000000
04-01-2024 21:00,04-01-2024 22:00,0.09677000000
04-01-2024 22:00,04-01-2024 23:00,0.09304000000
04-01-2024 23:00,05-01-2024 00:00,0.08861000000
05-01-2024 00:00,05-01-2024 01:00,0.08608000000
05-01-2024 01:00,05-01-2024 02:00,0.08051000000
05-01-2024 02:00,05-01-2024 03:00,0.07701000000
05-01-2024 03:00,05-01-2024 04:00,0.07288000000
05-01-2024 04:00,05-01-2024 05:00,0.07212000000
05-01-2024 05:00,05-01-2024 06:00,0.07452000000
05-01-2024 06:00,05-01-2024 07:00,0.08011000000
05-01-2024 07:00,05-01-2024 08:00,0.08717000000
05-01-2024 08:00,05-01-2024 09:00,0.08978000000
05-01-2024 09:00,05-01-2024 10:00,0.09500000000
05-01-2024 10:00,05-01-2024 11:00,0.09629000000
05-01-2024 11:00,05-01-2024 12:00,0.09822000000
05-01-2024 12:00,05-01-2024 13:00,0.09229000000
05-01-2024 13:00,05-01-2024 14:00,0.09165000000
05-01-2024 14:00,05-01-2024 15:00,0.09650000000
05-01-2024 15:00,05-01-2024 16:00,0.10013000000
05-01-2024 16:00,05-01-2024 17:00,0.10303000000
05-01-2024 17:00,05-01-2024 18:00,0.10743000000
05-01-2024 18:00,05-01-2024 19:00,0.10847000000
05-01-2024 19:00,05-01-2024 20:00,0.10400000000
05-01-2024 20:00,05-01-2024 21:00,0.10013000000
05-01-2024 21:00,05-01-2024 22:00,0.09421000000
05-01-2024 22:00,05-01-2024 23:00,0.09492000000
05-01-2024 23:00,06-01-2024 00:00,0.08680000000
06-01-2024 00:00,06-01-2024 01:00,0.08225000000
06-01-2024 01:00,06-01-2024 02:00,0.08020000000
06-01-2024 02:00,06-01-2024 03:00,0.07613000000
06-01-2024 03:00,06-01-2024 04:00,0.07301000000
06-01-2024 04:00,06-01-2024 05:00,0.07301000000
06-01-2024 05:00,06-01-2024 06:00,0.07459000000
06-01-2024 06:00,06-01-2024 07:00,0.07510000000
06-01-2024 07:00,06-01-2024 08:00,0.08139000000
06-01-2024 08:00,06-01-2024 09:00,0.08840000000
06-01-2024 09:00,06-01-2024 10:00,0.09223000000
06-01-2024 10:00,06-01-2024 11:00,0.09730000000
06-01-2024 11:00,06-01-2024 12:00,0.10043000000
06-01-2024 12:00,06-01-2024 13:00,0.09916000000
06-01-2024 13:00,06-01-2024 14:00,0.09452000000
06-01-2024 14:00,06-01-2024 15:00,0.09245000000
06-01-2024 15:00,06-01-2024 16:00,0.09418000000
06-01-2024 16:00,06-01-2024 17:00,0.09922000000
06-01-2024 17:00,06-01-2024 18:00,0.10469000000
06-01-2024 18:00,06-01-2024 19:00,0.10363000000
06-01-2024 19:00,06-01-2024 20:00,0.09900000000
06-01-2024 20:00,06-01-2024 21:00,0.09214000000
06-01-2024 21:00,06-01-2024 22:00,0.08800000000
06-01-2024 22:00,06-01-2024 23:00,0.08657000000
06-01-2024 23:00,07-01-2024 00:00,0.07987000000
07-01-2024 00:00,07-01-2024 01:00,0.08408000000
07-01-2024 01:00,07-01-2024 02:00,0.07982000000
07-01-2024 02:00,07-01-2024 03:00,0.07676000000
07-01-2024 03:00,07-01-2024 04:00,0.07346000000
07-01-2024 04:00,07-01-2024 05:00,0.07186000000
07-01-2024 05:00,07-01-2024 06:00,0.07208000000
07-01-2024 06:00,07-01-2024 07:00,0.07490000000
07-01-2024 07:00,07-01-2024 08:00,0.07769000000
07-01-2024 08:00,07-01-2024 09:00,0.08179000000
07-01-2024 09:00,07-01-2024 10:00,0.08486000000
07-01-2024 10:00,07-01-2024 11:00,0.08714000000
07-01-2024 11:00,07-01-2024 12:00,0.08913000000
07-01-2024 12:00,07-01-2024 13:00,0.08866000000
07-01-2024 13:00,07-01-2024 14:00,0.08481000000
07-01-2024 14:00,07-01-2024 15:00,0.08434000000
07-01-2024 15:00,07-01-2024 16:00,0.08801000000
07-01-2024 16:00,07-01-2024 17:00,0.09342000000
07-01-2024 17:00,07-01-2024 18:00,0.10177000000
07-01-2024 18:00,07-01-2024 19:00,0.10485000000
07-01-2024 19:00,07-01-2024 20:00,0.10355000000
07-01-2024 20:00,07-01-2024 21:00,0.10050000000
07-01-2024 21:00,07-01-2024 22:00,0.09331000000
07-01-2024 22:00,07-01-2024 23:00,0.09117000000
07-01-2024 23:00,08-01-2024 00:00,0.08386000000
08-01-2024 00:00,08-01-2024 01:00,0.08702000000
08-01-2024 01:00,08-01-2024 02:00,0.08435000000
08-01-2024 02:00,08-01-2024 03:00,0.08171000000
08-01-2024 03:00,08-01-2024 04:00,0.07900000000
08-01-2024 04:00,08-01-2024 05:00,0.07847000000
08-01-2024 05:00,08-01-2024 06:00,0.08210000000
08-01-2024 06:00,08-01-2024 07:00,0.09430000000
08-01-2024 07:00,08-01-2024 08:00,0.11109000000
08-01-2024 08:00,08-01-2024 09:00,0.12111000000
08-01-2024 09:00,08-01-2024 10:00,0.11783000000
08-01-2024 10:00,08-01-2024 11:00,0.11058000000
08-01-2024 11:00,08-01-2024 12:00,0.10300000000
08-01-2024 12:00,08-01-2024 13:00,0.08490000000
08-01-2024 13:00,08-01-2024 14:00,0.08956000000
08-01-2024 14:00,08-01-2024 15:00,0.10000000000
08-01-2024 15:00,08-01-2024 16:00,0.10798000000
08-01-2024 16:00,08-01-2024 17:00,0.11639000000
08-01-2024 17:00,08-01-2024 18:00,0.12915000000
08-01-2024 18:00,08-01-2024 19:00,0.12508000000
08-01-2024 19:00,08-01-2024 20:00,0.11190000000
08-01-2024 20:00,08-01-2024 21:00,0.10010000000
08-01-2024 21:00,08-01-2024 22:00,0.09100000000
08-01-2024 22:00,08-01-2024 23:00,0.09200000000
08-01-2024 23:00,09-01-2024 00:00,0.09149000000
09-01-2024 00:00,09-01-2024 01:00,0.08095000000
09-01-2024 01:00,09-01-2024 02:00,0.07998000000
09-01-2024 02:00,09-01-2024 03:00,0.08500000000
09-01-2024 03:00,09-01-2024 04:00,0.08342000000
09-01-2024 04:00,09-01-2024 05:00,0.08057000000
09-01-2024 05:00,09-01-2024 06:00,0.08580000000
09-01-2024 06:00,09-01-2024 07:00,0.08390000000
09-01-2024 07:00,09-01-2024 08:00,0.09112000000
09-01-2024 08:00,09-01-2024 09:00,0.12570000000
09-01-2024 09:00,09-01-2024 10:00,0.11996000000
09-01-2024 10:00,09-01-2024 11:00,0.09800000000
09-01-2024 11:00,09-01-2024 12:00,0.09000000000
09-01-2024 12:00,09-01-2024 13:00,0.07880000000
09-01-2024 13:00,09-01-2024 14:00,0.07778000000
09-01-2024 14:00,09-01-2024 15:00,0.08500000000
09-01-2024 15:00,09-01-2024 16:00,0.09990000000
09-01-2024 16:00,09-01-2024 17:00,0.11267000000
09-01-2024 17:00,09-01-2024 18:00,0.13569000000
09-01-2024 18:00,09-01-2024 19:00,0.12925000000
09-01-2024 19:00,09-01-2024 20:00,0.12630000000
09-01-2024 20:00,09-01-2024 21:00,0.10882000000
09-01-2024 21:00,09-01-2024 22:00,0.09366000000
09-01-2024 22:00,09-01-2024 23:00,0.08490000000
09-01-2024 23:00,10-01-2024 00:00,0.08800000000
10-01-2024 00:00,10-01-2024 01:00,0.07554000000
10-01-2024 01:00,10-01-2024 02:00,0.08676000000
10-01-2024 02:00,10-01-2024 03:00,0.08673000000
10-01-2024 03:00,10-01-2024 04:00,0.08122000000
10-01-2024 04:00,10-01-2024 05:00,0.08048000000
10-01-2024 05:00,10-01-2024 06:00,0.07790000000
10-01-2024 06:00,10-01-2024 07:00,0.07930000000
10-01-2024 07:00,10-01-2024 08:00,0.09600000000
10-01-2024 08:00,10-01-2024 09:00,0.13252000000
10-01-2024 09:00,10-01-2024 10:00,0.13039000000
10-01-2024 10:00,10-01-2024 11:00,0.11121000000
10-01-2024 11:00,10-01-2024 12:00,0.10913000000
10-01-2024 12:00,10-01-2024 13:00,0.08910000000
10-01-2024 13:00,10-01-2024 14:00,0.08745000000
10-01-2024 14:00,10-01-2024 15:00,0.08490000000
10-01-2024 15:00,10-01-2024 16:00,0.10634000000
10-01-2024 16:00,10-01-2024 17:00,0.12794000000
10-01-2024 17:00,10-01-2024 18:00,0.14379000000
10-01-2024 18:00,10-01-2024 19:00,0.14000000000
10-01-2024 19:00,10-01-2024 20:00,0.13215000000
10-01-2024 20:00,10-01-2024 21:00,0.12000000000
10-01-2024 21:00,10-01-2024 22:00,0.09730000000
10-01-2024 22:00,10-01-2024 23:00,0.09130000000
10-01-2024 23:00,11-01-2024 00:00,0.08231000000
11-01-2024 00:00,11-01-2024 01:00,0.09175000000
11-01-2024 01:00,11-01-2024 02:00,0.08859000000
11-01-2024 02:00,11-01-2024 03:00,0.08725000000
11-01-2024 03:00,11-01-2024 04:00,0.08238000000
11-01-2024 04:00,11-01-2024 05:00,0.08120000000
11-01-2024 05:00,11-01-2024 06:00,0.07960000000
11-01-2024 06:00,11-01-2024 07:00,0.09000000000
11-01-2024 07:00,11-01-2024 08:00,0.11687000000
11-01-2024 08:00,11-01-2024 09:00,0.14100000000
11-01-2024 09:00,11-01-2024 10:00,0.12916000000
11-01-2024 10:00,11-01-2024 11:00,0.11365000000
11-01-2024 11:00,11-01-2024 12:00,0.10648000000
11-01-2024 12:00,11-01-2024 13:00,0.09938000000
11-01-2024 13:00,11-01-2024 14:00,0.09900000000
11-01-2024 14:00,11-01-2024 15:00,0.10598000000
11-01-2024 15:00,11-01-2024 16:00,0.11731000000
11-01-2024 16:00,11-01-2024 17:00,0.13262000000
11-01-2024 17:00,11-01-2024 18:00,0.14706000000
11-01-2024 18:00,11-01-2024 19:00,0.13670000000
11-01-2024 19:00,11-01-2024 20:00,0.13231000000
11-01-2024 20:00,11-01-2024 21:00,0.11788000000
11-01-2024 21:00,11-01-2024 22:00,0.10719000000
11-01-2024 22:00,11-01-2024 23:00,0.10000000000
11-01-2024 23:00,12-01-2024 00:00,0.08100000000
12-01-2024 00:00,12-01-2024 01:00,0.08212000000
12-01-2024 01:00,12-01-2024 02:00,0.08063000000
12-01-2024 02:00,12-01-2024 03:00,0.08313000000
12-01-2024 03:00,12-01-2024 04:00,0.07729000000
12-01-2024 04:00,12-01-2024 05:00,0.07800000000
12-01-2024 05:00,12-01-2024 06:00,0.07918000000
12-01-2024 06:00,12-01-2024 07:00,0.08132000000
12-01-2024 07:00,12-01-2024 08:00,0.11820000000
12-01-2024 08:00,12-01-2024 09:00,0.14074000000
12-01-2024 09:00,12-01-2024 10:00,0.13496000000
12-01-2024 10:00,12-01-2024 11:00,0.12201000000
12-01-2024 11:00,12-01-2024 12:00,0.11473000000
12-01-2024 12:00,12-01-2024 13:00,0.10698000000
12-01-2024 13:00,12-01-2024 14:00,0.10308000000
12-01-2024 14:00,12-01-2024 15:00,0.10454000000
12-01-2024 15:00,12-01-2024 16:00,0.11000000000
12-01-2024 16:00,12-01-2024 17:00,0.12000000000
12-01-2024 17:00,12-01-2024 18:00,0.12750000000
12-01-2024 18:00,12-01-2024 19:00,0.12600000000
12-01-2024 19:00,12-01-2024 20:00,0.11947000000
12-01-2024 20:00,12-01-2024 21:00,0.10713000000
12-01-2024 21:00,12-01-2024 22:00,0.09170000000
12-01-2024 22:00,12-01-2024 23:00,0.08502000000
12-01-2024 23:00,13-01-2024 00:00,0.08249000000
13-01-2024 00:00,13-01-2024 01:00,0.09000000000
13-01-2024 01:00,13-01-2024 02:00,0.08543000000
13-01-2024 02:00,13-01-2024 03:00,0.08200000000
13-01-2024 03:00,13-01-2024 04:00,0.07847000000
13-01-2024 04:00,13-01-2024 05:00,0.07500000000
13-01-2024 05:00,13-01-2024 06:00,0.07494000000
13-01-2024 06:00,13-01-2024 07:00,0.07816000000
13-01-2024 07:00,13-01-2024 08:00,0.07790000000
13-01-2024 08:00,13-01-2024 09:00,0.07492000000
13-01-2024 09:00,13-01-2024 10:00,0.08540000000
13-01-2024 10:00,13-01-2024 11:00,0.08840000000
13-01-2024 11:00,13-01-2024 12:00,0.08610000000
13-01-2024 12:00,13-01-2024 13:00,0.07970000000
13-01-2024 13:00,13-01-2024 14:00,0.08082000000
13-01-2024 14:00,13-01-2024 15:00,0.08150000000
13-01-2024 15:00,13-01-2024 16:00,0.08700000000
13-01-2024 16:00,13-01-2024 17:00,0.09730000000
13-01-2024 17:00,13-01-2024 18:00,0.11460000000
13-01-2024 18:00,13-01-2024 19:00,0.10280000000
13-01-2024 19:00,13-01-2024 20:00,0.08460000000
13-01-2024 20:00,13-01-2024 21:00,0.07547000000
13-01-2024 21:00,13-01-2024 22:00,0.08100000000
13-01-2024 22:00,13-01-2024 23:00,0.08500000000
13-01-2024 23:00,14-01-2024 00:00,0.08000000000
14-01-2024 00:00,14-01-2024 01:00,0.07490000000
14-01-2024 01:00,14-01-2024 02:00,0.07401000000
14-01-2024 02:00,14-01-2024 03:00,0.06990000000
14-01-2024 03:00,14-01-2024 04:00,0.06824000000
14-01-2024 04:00,14-01-2024 05:00,0.07192000000
14-01-2024 05:00,14-01-2024 06:00,0.08000000000
14-01-2024 06:00,14-01-2024 07:00,0.07103000000
14-01-2024 07:00,14-01-2024 08:00,0.07592000000
14-01-2024 08:00,14-01-2024 09:00,0.07927000000
14-01-2024 09:00,14-01-2024 10:00,0.09300000000
14-01-2024 10:00,14-01-2024 11:00,0.09711000000
14-01-2024 11:00,14-01-2024 12:00,0.08720000000
14-01-2024 12:00,14-01-2024 13:00,0.08039000000
14-01-2024 13:00,14-01-2024 14:00,0.07704000000
14-01-2024 14:00,14-01-2024 15:00,0.07915000000
14-01-2024 15:00,14-01-2024 16:00,0.08232000000
14-01-2024 16:00,14-01-2024 17:00,0.08662000000
14-01-2024 17:00,14-01-2024 18:00,0.09186000000
14-01-2024 18:00,14-01-2024 19:00,0.09490000000
14-01-2024 19:00,14-01-2024 20:00,0.08500000000
14-01-2024 20:00,14-01-2024 21:00,0.07906000000
14-01-2024 21:00,14-01-2024 22:00,0.07860000000
14-01-2024 22:00,14-01-2024 23:00,0.07539000000
14-01-2024 23:00,15-01-2024 00:00,0.06719000000
15-01-2024 00:00,15-01-2024 01:00,0.06790000000
15-01-2024 01:00,15-01-2024 02:00,0.06500000000
15-01-2024 02:00,15-01-2024 03:00,0.06394000000
15-01-2024 03:00,15-01-2024 04:00,0.06204000000
15-01-2024 04:00,15-01-2024 05:00,0.06204000000
15-01-2024 05:00,15-01-2024 06:00,0.06925000000
15-01-2024 06:00,15-01-2024 07:00,0.08018000000
15-01-2024 07:00,15-01-2024 08:00,0.08440000000
15-01-2024 08:00,15-01-2024 09:00,0.09934000000
15-01-2024 09:00,15-01-2024 10:00,0.10030000000
15-01-2024 10:00,15-01-2024 11:00,0.09489000000
15-01-2024 11:00,15-01-2024 12:00,0.09020000000
15-01-2024 12:00,15-01-2024 13:00,0.08118000000
15-01-2024 13:00,15-01-2024 14:00,0.08220000000
15-01-2024 14:00,15-01-2024 15:00,0.08460000000
15-01-2024 15:00,15-01-2024 16:00,0.08957000000
15-01-2024 16:00,15-01-2024 17:00,0.09762000000
15-01-2024 17:00,15-01-2024 18:00,0.10651000000
15-01-2024 18:00,15-01-2024 19:00,0.11281000000
15-01-2024 19:00,15-01-2024 20:00,0.10513000000
15-01-2024 20:00,15-01-2024 21:00,0.09440000000
15-01-2024 21:00,15-01-2024 22:00,0.07904000000
15-01-2024 22:00,15-01-2024 23:00,0.07776000000
15-01-2024 23:00,16-01-2024 00:00,0.07850000000
16-01-2024 00:00,16-01-2024 01:00,0.06800000000
16-01-2024 01:00,16-01-2024 02:00,0.07651000000
16-01-2024 02:00,16-01-2024 03:00,0.07743000000
16-01-2024 03:00,16-01-2024 04:00,0.07682000000
16-01-2024 04:00,16-01-2024 05:00,0.07305000000
16-01-2024 05:00,16-01-2024 06:00,0.07261000000
16-01-2024 06:00,16-01-2024 07:00,0.09240000000
16-01-2024 07:00,16-01-2024 08:00,0.11580000000
16-01-2024 08:00,16-01-2024 09:00,0.14411000000
16-01-2024 09:00,16-01-2024 10:00,0.13860000000
16-01-2024 10:00,16-01-2024 11:00,0.12200000000
16-01-2024 11:00,16-01-2024 12:00,0.11000000000
16-01-2024 12:00,16-01-2024 13:00,0.08800000000
16-01-2024 13:00,16-01-2024 14:00,0.08810000000
16-01-2024 14:00,16-01-2024 15:00,0.08400000000
16-01-2024 15:00,16-01-2024 16:00,0.11029000000
16-01-2024 16:00,16-01-2024 17:00,0.11169000000
16-01-2024 17:00,16-01-2024 18:00,0.12830000000
16-01-2024 18:00,16-01-2024 19:00,0.12210000000
16-01-2024 19:00,16-01-2024 20:00,0.10200000000
16-01-2024 20:00,16-01-2024 21:00,0.08997000000
16-01-2024 21:00,16-01-2024 22:00,0.08400000000
16-01-2024 22:00,16-01-2024 23:00,0.08221000000
16-01-2024 23:00,17-01-2024 00:00,0.07520000000
17-01-2024 00:00,17-01-2024 01:00,0.07180000000
17-01-2024 01:00,17-01-2024 02:00,0.07165000000
17-01-2024 02:00,17-01-2024 03:00,0.07073000000
17-01-2024 03:00,17-01-2024 04:00,0.06979000000
17-01-2024 04:00,17-01-2024 05:00,0.06954000000
17-01-2024 05:00,17-01-2024 06:00,0.07131000000
17-01-2024 06:00,17-01-2024 07:00,0.07557000000
17-01-2024 07:00,17-01-2024 08:00,0.08494000000
17-01-2024 08:00,17-01-2024 09:00,0.09674000000
17-01-2024 09:00,17-01-2024 10:00,0.10618000000
17-01-2024 10:00,17-01-2024 11:00,0.11033000000
17-01-2024 11:00,17-01-2024 12:00,0.11110000000
17-01-2024 12:00,17-01-2024 13:00,0.11374000000
17-01-2024 13:00,17-01-2024 14:00,0.11673000000
17-01-2024 14:00,17-01-2024 15:00,0.11800000000
17-01-2024 15:00,17-01-2024 16:00,0.12262000000
17-01-2024 16:00,17-01-2024 17:00,0.12655000000
17-01-2024 17:00,17-01-2024 18:00,0.13691000000
17-01-2024 18:00,17-01-2024 19:00,0.12251000000
17-01-2024 19:00,17-01-2024 20:00,0.11310000000
17-01-2024 20:00,17-01-2024 21:00,0.09916000000
17-01-2024 21:00,17-01-2024 22:00,0.09373000000
17-01-2024 22:00,17-01-2024 23:00,0.08910000000
17-01-2024 23:00,18-01-2024 00:00,0.08321000000
18-01-2024 00:00,18-01-2024 01:00,0.08030000000
18-01-2024 01:00,18-01-2024 02:00,0.07699000000
18-01-2024 02:00,18-01-2024 03:00,0.07467000000
18-01-2024 03:00,18-01-2024 04:00,0.07418000000
18-01-2024 04:00,18-01-2024 05:00,0.07609000000
18-01-2024 05:00,18-01-2024 06:00,0.07760000000
18-01-2024 06:00,18-01-2024 07:00,0.08909000000
18-01-2024 07:00,18-01-2024 08:00,0.10923000000
18-01-2024 08:00,18-01-2024 09:00,0.12198000000
18-01-2024 09:00,18-01-2024 10:00,0.11826000000
18-01-2024 10:00,18-01-2024 11:00,0.11040000000
18-01-2024 11:00,18-01-2024 12:00,0.08000000000
18-01-2024 12:00,18-01-2024 13:00,0.08395000000
18-01-2024 13:00,18-01-2024 14:00,0.07064000000
18-01-2024 14:00,18-01-2024 15:00,0.08661000000
18-01-2024 15:00,18-01-2024 16:00,0.08580000000
18-01-2024 16:00,18-01-2024 17:00,0.09868000000
18-01-2024 17:00,18-01-2024 18:00,0.10375000000
18-01-2024 18:00,18-01-2024 19:00,0.10335000000
18-01-2024 19:00,18-01-2024 20:00,0.08785000000
18-01-2024 20:00,18-01-2024 21:00,0.08100000000
18-01-2024 21:00,18-01-2024 22:00,0.08314000000
18-01-2024 22:00,18-01-2024 23:00,0.07663000000
18-01-2024 23:00,19-01-2024 00:00,0.07361000000
19-01-2024 00:00,19-01-2024 01:00,0.06914000000
19-01-2024 01:00,19-01-2024 02:00,0.06626000000
19-01-2024 02:00,19-01-2024 03:00,0.06300000000
19-01-2024 03:00,19-01-2024 04:00,0.06276000000
19-01-2024 04:00,19-01-2024 05:00,0.06332000000
19-01-2024 05:00,19-01-2024 06:00,0.06690000000
19-01-2024 06:00,19-01-2024 07:00,0.07649000000
19-01-2024 07:00,19-01-2024 08:00,0.08600000000
19-01-2024 08:00,19-01-2024 09:00,0.10427000000
19-01-2024 09:00,19-01-2024 10:00,0.09991000000
19-01-2024 10:00,19-01-2024 11:00,0.08753000000
19-01-2024 11:00,19-01-2024 12:00,0.08400000000
19-01-2024 12:00,19-01-2024 13:00,0.07221000000
19-01-2024 13:00,19-01-2024 14:00,0.07336000000
19-01-2024 14:00,19-01-2024 15:00,0.07522000000
19-01-2024 15:00,19-01-2024 16:00,0.07304000000
19-01-2024 16:00,19-01-2024 17:00,0.08490000000
19-01-2024 17:00,19-01-2024 18:00,0.09375000000
19-01-2024 18:00,19-01-2024 19:00,0.08790000000
19-01-2024 19:00,19-01-2024 20:00,0.07490000000
19-01-2024 20:00,19-01-2024 21:00,0.07295000000
19-01-2024 21:00,19-01-2024 22:00,0.07112000000
19-01-2024 22:00,19-01-2024 23:00,0.06864000000
19-01-2024 23:00,20-01-2024 00:00,0.06475000000
20-01-2024 00:00,20-01-2024 01:00,0.06600000000
20-01-2024 01:00,20-01-2024 02:00,0.06751000000
20-01-2024 02:00,20-01-2024 03:00,0.06354000000
20-01-2024 03:00,20-01-2024 04:00,0.06182000000
20-01-2024 04:00,20-01-2024 05:00,0.06185000000
20-01-2024 05:00,20-01-2024 06:00,0.06175000000
20-01-2024 06:00,20-01-2024 07:00,0.06259000000
20-01-2024 07:00,20-01-2024 08:00,0.06690000000
20-01-2024 08:00,20-01-2024 09:00,0.07482000000
20-01-2024 09:00,20-01-2024 10:00,0.07790000000
20-01-2024 10:00,20-01-2024 11:00,0.07180000000
20-01-2024 11:00,20-01-2024 12:00,0.06960000000
20-01-2024 12:00,20-01-2024 13:00,0.06489000000
20-01-2024 13:00,20-01-2024 14:00,0.06690000000
20-01-2024 14:00,20-01-2024 15:00,0.07337000000
20-01-2024 15:00,20-01-2024 16:00,0.07914000000
20-01-2024 16:00,20-01-2024 17:00,0.08786000000
20-01-2024 17:00,20-01-2024 18:00,0.09498000000
20-01-2024 18:00,20-01-2024 19:00,0.09989000000
20-01-2024 19:00,20-01-2024 20:00,0.09157000000
20-01-2024 20:00,20-01-2024 21:00,0.08000000000
20-01-2024 21:00,20-01-2024 22:00,0.07572000000
20-01-2024 22:00,20-01-2024 23:00,0.07042000000
20-01-2024 23:00,21-01-2024 00:00,0.06913000000
21-01-2024 00:00,21-01-2024 01:00,0.06250000000
21-01-2024 01:00,21-01-2024 02:00,0.05700000000
21-01-2024 02:00,21-01-2024 03:00,0.05515000000
21-01-2024 03:00,21-01-2024 04:00,0.05089000000
21-01-2024 04:00,21-01-2024 05:00,0.04831000000
21-01-2024 05:00,21-01-2024 06:00,0.04694000000
21-01-2024 06:00,21-01-2024 07:00,0.04500000000
21-01-2024 07:00,21-01-2024 08:00,0.04217000000
21-01-2024 08:00,21-01-2024 09:00,0.05100000000
21-01-2024 09:00,21-01-2024 10:00,0.06000000000
21-01-2024 10:00,21-01-2024 11:00,0.05909000000
21-01-2024 11:00,21-01-2024 12:00,0.05624000000
21-01-2024 12:00,21-01-2024 13:00,0.05990000000
21-01-2024 13:00,21-01-2024 14:00,0.05274000000
21-01-2024 14:00,21-01-2024 15:00,0.05584000000
21-01-2024 15:00,21-01-2024 16:00,0.05721000000
21-01-2024 16:00,21-01-2024 17:00,0.05553000000
21-01-2024 17:00,21-01-2024 18:00,0.06879000000
21-01-2024 18:00,21-01-2024 19:00,0.08200000000
21-01-2024 19:00,21-01-2024 20:00,0.06400000000
21-01-2024 20:00,21-01-2024 21:00,0.06020000000
21-01-2024 21:00,21-01-2024 22:00,0.05700000000
21-01-2024 22:00,21-01-2024 23:00,0.05426000000
21-01-2024 23:00,22-01-2024 00:00,0.05327000000
22-01-2024 00:00,22-01-2024 01:00,0.04408000000
22-01-2024 01:00,22-01-2024 02:00,0.04999000000
22-01-2024 02:00,22-01-2024 03:00,0.04500000000
22-01-2024 03:00,22-01-2024 04:00,0.02792000000
22-01-2024 04:00,22-01-2024 05:00,0.01800000000
22-01-2024 05:00,22-01-2024 06:00,0.02050000000
22-01-2024 06:00,22-01-2024 07:00,0.04227000000
22-01-2024 07:00,22-01-2024 08:00,0.06850000000
22-01-2024 08:00,22-01-2024 09:00,0.13000000000
22-01-2024 09:00,22-01-2024 10:00,0.08960000000
22-01-2024 10:00,22-01-2024 11:00,0.07434000000
22-01-2024 11:00,22-01-2024 12:00,0.06060000000
22-01-2024 12:00,22-01-2024 13:00,0.05701000000
22-01-2024 13:00,22-01-2024 14:00,0.05652000000
22-01-2024 14:00,22-01-2024 15:00,0.05855000000
22-01-2024 15:00,22-01-2024 16:00,0.06047000000
22-01-2024 16:00,22-01-2024 17:00,0.06700000000
22-01-2024 17:00,22-01-2024 18:00,0.08877000000
22-01-2024 18:00,22-01-2024 19:00,0.11030000000
22-01-2024 19:00,22-01-2024 20:00,0.09810000000
22-01-2024 20:00,22-01-2024 21:00,0.06743000000
22-01-2024 21:00,22-01-2024 22:00,0.06441000000
22-01-2024 22:00,22-01-2024 23:00,0.05622000000
22-01-2024 23:00,23-01-2024 00:00,0.05035000000
23-01-2024 00:00,23-01-2024 01:00,0.01684000000
23-01-2024 01:00,23-01-2024 02:00,0.01099000000
23-01-2024 02:00,23-01-2024 03:00,0.01000000000
23-01-2024 03:00,23-01-2024 04:00,0.00500000000
23-01-2024 04:00,23-01-2024 05:00,0.01084000000
23-01-2024 05:00,23-01-2024 06:00,0.03951000000
23-01-2024 06:00,23-01-2024 07:00,0.06151000000
23-01-2024 07:00,23-01-2024 08:00,0.08825000000
23-01-2024 08:00,23-01-2024 09:00,0.11580000000
23-01-2024 09:00,23-01-2024 10:00,0.09668000000
23-01-2024 10:00,23-01-2024 11:00,0.08090000000
23-01-2024 11:00,23-01-2024 12:00,0.06500000000
23-01-2024 12:00,23-01-2024 13:00,0.06413000000
23-01-2024 13:00,23-01-2024 14:00,0.06336000000
23-01-2024 14:00,23-01-2024 15:00,0.07002000000
23-01-2024 15:00,23-01-2024 16:00,0.07430000000
23-01-2024 16:00,23-01-2024 17:00,0.07719000000
23-01-2024 17:00,23-01-2024 18:00,0.08181000000
23-01-2024 18:00,23-01-2024 19:00,0.08489000000
23-01-2024 19:00,23-01-2024 20:00,0.07535000000
23-01-2024 20:00,23-01-2024 21:00,0.06500000000
23-01-2024 21:00,23-01-2024 22:00,0.06320000000
23-01-2024 22:00,23-01-2024 23:00,0.05340000000
23-01-2024 23:00,24-01-2024 00:00,0.03500000000
24-01-2024 00:00,24-01-2024 01:00,0.00485000000
24-01-2024 01:00,24-01-2024 02:00,0.00212000000
24-01-2024 02:00,24-01-2024 03:00,0.00000000000
24-01-2024 03:00,24-01-2024 04:00,-0.00389000000
24-01-2024 04:00,24-01-2024 05:00,-0.00500000000
24-01-2024 05:00,24-01-2024 06:00,0.00000000000
24-01-2024 06:00,24-01-2024 07:00,0.01665000000
24-01-2024 07:00,24-01-2024 08:00,0.06750000000
24-01-2024 08:00,24-01-2024 09:00,0.09500000000
24-01-2024 09:00,24-01-2024 10:00,0.09333000000
24-01-2024 10:00,24-01-2024 11:00,0.06800000000
24-01-2024 11:00,24-01-2024 12:00,0.05221000000
24-01-2024 12:00,24-01-2024 13:00,0.03932000000
24-01-2024 13:00,24-01-2024 14:00,0.03830000000
24-01-2024 14:00,24-01-2024 15:00,0.04650000000
24-01-2024 15:00,24-01-2024 16:00,0.06843000000
24-01-2024 16:00,24-01-2024 17:00,0.08000000000
24-01-2024 17:00,24-01-2024 18:00,0.09800000000
24-01-2024 18:00,24-01-2024 19:00,0.09272000000
24-01-2024 19:00,24-01-2024 20:00,0.10010000000
24-01-2024 20:00,24-01-2024 21:00,0.08400000000
24-01-2024 21:00,24-01-2024 22:00,0.08199000000
24-01-2024 22:00,24-01-2024 23:00,0.07180000000
24-01-2024 23:00,25-01-2024 00:00,0.08180000000
25-01-2024 00:00,25-01-2024 01:00,0.06490000000
25-01-2024 01:00,25-01-2024 02:00,0.05610000000
25-01-2024 02:00,25-01-2024 03:00,0.06720000000
25-01-2024 03:00,25-01-2024 04:00,0.07500000000
25-01-2024 04:00,25-01-2024 05:00,0.07531000000
25-01-2024 05:00,25-01-2024 06:00,0.07590000000
25-01-2024 06:00,25-01-2024 07:00,0.07858000000
25-01-2024 07:00,25-01-2024 08:00,0.09210000000
25-01-2024 08:00,25-01-2024 09:00,0.10302000000
25-01-2024 09:00,25-01-2024 10:00,0.09400000000
25-01-2024 10:00,25-01-2024 11:00,0.08396000000
25-01-2024 11:00,25-01-2024 12:00,0.07866000000
25-01-2024 12:00,25-01-2024 13:00,0.07495000000
25-01-2024 13:00,25-01-2024 14:00,0.07655000000
25-01-2024 14:00,25-01-2024 15:00,0.08422000000
25-01-2024 15:00,25-01-2024 16:00,0.08861000000
25-01-2024 16:00,25-01-2024 17:00,0.09698000000
25-01-2024 17:00,25-01-2024 18:00,0.11600000000
25-01-2024 18:00,25-01-2024 19:00,0.11240000000
25-01-2024 19:00,25-01-2024 20:00,0.09853000000
25-01-2024 20:00,25-01-2024 21:00,0.07991000000
25-01-2024 21:00,25-01-2024 22:00,0.08428000000
25-01-2024 22:00,25-01-2024 23:00,0.07940000000
25-01-2024 23:00,26-01-2024 00:00,0.07417000000
26-01-2024 00:00,26-01-2024 01:00,0.06280000000
26-01-2024 01:00,26-01-2024 02:00,0.06200000000
26-01-2024 02:00,26-01-2024 03:00,0.05849000000
26-01-2024 03:00,26-01-2024 04:00,0.05479000000
26-01-2024 04:00,26-01-2024 05:00,0.04740000000
26-01-2024 05:00,26-01-2024 06:00,0.05087000000
26-01-2024 06:00,26-01-2024 07:00,0.05815000000
26-01-2024 07:00,26-01-2024 08:00,0.07198000000
26-01-2024 08:00,26-01-2024 09:00,0.07745000000
26-01-2024 09:00,26-01-2024 10:00,0.08010000000
26-01-2024 10:00,26-01-2024 11:00,0.07134000000
26-01-2024 11:00,26-01-2024 12:00,0.05894000000
26-01-2024 12:00,26-01-2024 13:00,0.05208000000
26-01-2024 13:00,26-01-2024 14:00,0.04630000000
26-01-2024 14:00,26-01-2024 15:00,0.05000000000
26-01-2024 15:00,26-01-2024 16:00,0.05117000000
26-01-2024 16:00,26-01-2024 17:00,0.07500000000
26-01-2024 17:00,26-01-2024 18:00,0.09500000000
26-01-2024 18:00,26-01-2024 19:00,0.13557000000
26-01-2024 19:00,26-01-2024 20:00,0.11112000000
26-01-2024 20:00,26-01-2024 21:00,0.09580000000
26-01-2024 21:00,26-01-2024 22:00,0.08200000000
26-01-2024 22:00,26-01-2024 23:00,0.08420000000
26-01-2024 23:00,27-01-2024 00:00,0.07936000000
27-01-2024 00:00,27-01-2024 01:00,0.07450000000
27-01-2024 01:00,27-01-2024 02:00,0.06890000000
27-01-2024 02:00,27-01-2024 03:00,0.06590000000
27-01-2024 03:00,27-01-2024 04:00,0.05900000000
27-01-2024 04:00,27-01-2024 05:00,0.05649000000
27-01-2024 05:00,27-01-2024 06:00,0.05858000000
27-01-2024 06:00,27-01-2024 07:00,0.05998000000
27-01-2024 07:00,27-01-2024 08:00,0.06690000000
27-01-2024 08:00,27-01-2024 09:00,0.08676000000
27-01-2024 09:00,27-01-2024 10:00,0.08620000000
27-01-2024 10:00,27-01-2024 11:00,0.08017000000
27-01-2024 11:00,27-01-2024 12:00,0.06033000000
27-01-2024 12:00,27-01-2024 13:00,0.05584000000
27-01-2024 13:00,27-01-2024 14:00,0.05388000000
27-01-2024 14:00,27-01-2024 15:00,0.05973000000
27-01-2024 15:00,27-01-2024 16:00,0.07820000000
27-01-2024 16:00,27-01-2024 17:00,0.08240000000
27-01-2024 17:00,27-01-2024 18:00,0.09122000000
27-01-2024 18:00,27-01-2024 19:00,0.09597000000
27-01-2024 19:00,27-01-2024 20:00,0.09262000000
27-01-2024 20:00,27-01-2024 21:00,0.08443000000
27-01-2024 21:00,27-01-2024 22:00,0.07596000000
27-01-2024 22:00,27-01-2024 23:00,0.07597000000
27-01-2024 23:00,28-01-2024 00:00,0.07270000000
28-01-2024 00:00,28-01-2024 01:00,0.06677000000
28-01-2024 01:00,28-01-2024 02:00,0.06070000000
28-01-2024 02:00,28-01-2024 03:00,0.05910000000
28-01-2024 03:00,28-01-2024 04:00,0.05889000000
28-01-2024 04:00,28-01-2024 05:00,0.05997000000
28-01-2024 05:00,28-01-2024 06:00,0.06241000000
28-01-2024 06:00,28-01-2024 07:00,0.05932000000
28-01-2024 07:00,28-01-2024 08:00,0.05898000000
28-01-2024 08:00,28-01-2024 09:00,0.05920000000
28-01-2024 09:00,28-01-2024 10:00,0.05522000000
28-01-2024 10:00,28-01-2024 11:00,0.05135000000
28-01-2024 11:00,28-01-2024 12:00,0.04551000000
28-01-2024 12:00,28-01-2024 13:00,0.04124000000
28-01-2024 13:00,28-01-2024 14:00,0.04025000000
28-01-2024 14:00,28-01-2024 15:00,0.04971000000
28-01-2024 15:00,28-01-2024 16:00,0.05490000000
28-01-2024 16:00,28-01-2024 17:00,0.06629000000
28-01-2024 17:00,28-01-2024 18:00,0.07642000000
28-01-2024 18:00,28-01-2024 19:00,0.07470000000
28-01-2024 19:00,28-01-2024 20:00,0.07016000000
28-01-2024 20:00,28-01-2024 21:00,0.06861000000
28-01-2024 21:00,28-01-2024 22:00,0.05757000000
28-01-2024 22:00,28-01-2024 23:00,0.05966000000
28-01-2024 23:00,29-01-2024 00:00,0.05600000000
